
-- 系统分类
INSERT INTO `sys_tree` (`id_`, `key_`, `name_`, `desc_`, `system_`) VALUES ('20000002810002', 'ywbfl', '业务表分类', '业务表分类的树', '1');
INSERT INTO `sys_tree` (`id_`, `key_`, `name_`, `desc_`, `system_`) VALUES ('20000002900001', 'ywdxfl', '业务对象分类', '业务对象分类树', '1');
INSERT INTO `sys_tree` (`id_`, `key_`, `name_`, `desc_`, `system_`) VALUES ('20000002960002', 'bdfl', '表单分类', '表单分类', '1');
INSERT INTO `sys_tree` (`id_`, `key_`, `name_`, `desc_`, `system_`) VALUES ('20000007060001', 'dict', '数据字典分类', '数据字典', '1');
INSERT INTO `sys_tree` (`id_`, `key_`, `name_`, `desc_`, `system_`) VALUES ('20000008980001', 'flow', '流程分类', NULL, '1');

-- 分类节点
INSERT INTO `sys_tree_node` (`id_`, `key_`, `name_`, `desc_`, `tree_id_`, `parent_id_`, `path_`, `sn_`) VALUES ('20000002810003', 'mrfl', '默认分类', NULL, '20000002810002', '0', '20000002810003.', '1');
INSERT INTO `sys_tree_node` (`id_`, `key_`, `name_`, `desc_`, `tree_id_`, `parent_id_`, `path_`, `sn_`) VALUES ('20000002900002', 'ywdxmrfl', '业务对象默认分类', NULL, '20000002900001', '0', '20000002900002.', '3');
INSERT INTO `sys_tree_node` (`id_`, `key_`, `name_`, `desc_`, `tree_id_`, `parent_id_`, `path_`, `sn_`) VALUES ('20000002960003', 'mrfl', '默认分类', NULL, '20000002960002', '0', '20000002960003.', '4');
INSERT INTO `sys_tree_node` (`id_`, `key_`, `name_`, `desc_`, `tree_id_`, `parent_id_`, `path_`, `sn_`) VALUES ('20000007060004', 'xtpz', '系统配置', NULL, '20000007060001', '0', '20000007060004.', '6');
INSERT INTO `sys_tree_node` (`id_`, `key_`, `name_`, `desc_`, `tree_id_`, `parent_id_`, `path_`, `sn_`) VALUES ('20000007060005', 'khxg', '客户相关', NULL, '20000007060001', '0', '20000007060005.', '7');
INSERT INTO `sys_tree_node` (`id_`, `key_`, `name_`, `desc_`, `tree_id_`, `parent_id_`, `path_`, `sn_`) VALUES ('20000008980003', 'bg', '办公', NULL, '20000008980001', '0', '20000008980003.', '7');
INSERT INTO `sys_tree_node` (`id_`, `key_`, `name_`, `desc_`, `tree_id_`, `parent_id_`, `path_`, `sn_`) VALUES ('20000008980004', 'ywlc', '业务流程', NULL, '20000008980001', '0', '20000008980004.', '8');


-- 组织
INSERT INTO `org_group` (`id_`, `name_`, `parent_id_`, `sn_`, `code_`, `type_`, `desc_`, `create_time_`, `create_by_`, `update_time_`, `update_by_`, `path_`) VALUES ('410054583805018113', '销售部', '410054574497333249', '1', 'sz-xsb', '3', '', '2019-07-27 21:28:20', '1', '2019-07-27 21:28:20', '1', '410054569125740545.410054574497333249.410054583805018113');
INSERT INTO `org_group` (`id_`, `name_`, `parent_id_`, `sn_`, `code_`, `type_`, `desc_`, `create_time_`, `create_by_`, `update_time_`, `update_by_`, `path_`) VALUES ('410054569125740545', 'AgileBPM', '0', '1', 'agilebpm', '0', '', '2019-07-27 21:27:24', '1', '2019-07-27 21:27:24', '1', '410054569125740545');
INSERT INTO `org_group` (`id_`, `name_`, `parent_id_`, `sn_`, `code_`, `type_`, `desc_`, `create_time_`, `create_by_`, `update_time_`, `update_by_`, `path_`) VALUES ('410054574497333249', '深圳分公司', '410054569125740545', '1', 'sz', '1', '', '2019-07-27 21:27:44', '1', '2019-07-27 21:27:44', '1', '410054569125740545.410054574497333249');
INSERT INTO `org_group` (`id_`, `name_`, `parent_id_`, `sn_`, `code_`, `type_`, `desc_`, `create_time_`, `create_by_`, `update_time_`, `update_by_`, `path_`) VALUES ('410054579202555905', '科技部', '410054574497333249', '1', 'sz-kjb', '3', '', '2019-07-27 21:28:02', '1', '2019-07-27 21:28:02', '1', '410054569125740545.410054574497333249.410054579202555905');
-- 用户
INSERT INTO `org_user` (`id_`, `fullname_`, `account_`, `password_`, `email_`, `mobile_`, `weixin_`, `address_`, `photo_`, `sex_`, `from_`, `status_`, `create_time_`, `create_by_`, `update_by_`, `update_time_`) VALUES ('1', '系统管理员', 'admin', 'a4ayc/80/OGda4BO/1o/V0etpOqiLx1JwB5S3beHW0s=', 'for_office@qq.com', '11111111', 'test', 'test', NULL, '未知', 'system', '1', NULL, NULL, NULL, NULL);
INSERT INTO `org_relation` (`id_`, `group_id_`, `user_id_`, `is_master_`, `role_id_`, `status_`, `type_`, `create_time_`, `create_by_`, `update_time_`, `update_by_`) VALUES ('410054601768697857', '410054579202555905', '1', '0', '', '1', 'groupUser', '2019-07-27 21:29:28', '1', '2019-07-27 21:29:28', '1');

-- 系统参数
INSERT INTO `sys_properties`(`id_`, `name_`, `alias_`, `group_`, `value_`, `encrypt_`, `update_by_`, `update_time_`, `create_by_`, `create_time_`, `description_`, `environment_`) VALUES ('405118036023705601', 's.k', 's.k', '系统参数', 'f06f10d88d8261c6dacbae23f1704db8109590fe2dc6de0cd356ebd393a3e7a3d640b138b2d0e7201b11d63f78f98238', 0, '1', '2019-05-14 12:46:12', NULL, '2018-12-21 22:31:04', '', 'DEV');
INSERT INTO `sys_properties`(`id_`, `name_`, `alias_`, `group_`, `value_`, `encrypt_`, `update_by_`, `update_time_`, `create_by_`, `create_time_`, `description_`, `environment_`) VALUES ('6', '系统管理员', 'admin.account', '系统参数', 'admin', 0, '1', '2018-12-30 22:09:52', NULL, NULL, '系统管理员', 'DEV');

-- 系统脚本
INSERT INTO `sys_script` (`id_`, `name_`, `script_`, `category_`, `memo_`) VALUES ('10000000000001', '获取流水号', 'return sysScript.getNextSerialNo(\"dayNo\");// 请赋值 流水号Alias', '系统内置', '获取流水号');
INSERT INTO `sys_script` (`id_`, `name_`, `script_`, `category_`, `memo_`) VALUES ('10000000000002', '获取当前用户信息', 'sysScript.getCurrentUser().getFullname()', '系统内置', '获取用户的某一个属性');
INSERT INTO `sys_script` (`id_`, `name_`, `script_`, `category_`, `memo_`) VALUES ('20000000570001', '获取当前组织ID', 'import com.dstz.sys.util.ContextUtil;\n\nreturn ContextUtil.getCurrentGroupId();', '系统内置', '通过引入静态方法来调用系统脚本，这样不需要实现Iscript脚本 。');
INSERT INTO `sys_script` (`id_`, `name_`, `script_`, `category_`, `memo_`) VALUES ('410230570225762305', '获取系统属性', 'sysScript.getProperty(\"admin.account\");', '系统内置', '获取系统属性，系统熟悉会分 开发，测试，生产不同环境');
INSERT INTO `sys_script` (`id_`, `name_`, `script_`, `category_`, `memo_`) VALUES ('410230650073251841', '获取某个组织下的某些角色的人员列表', 'orgScript.getSisByGroupAndRole(groupIds, roleCodes) ;\n\n//组织id，多个以“,”分隔；为空，则取当前用户所在主组织\n  //角色编码，多个以“,”分隔', '系统内置', '比如获取发起人的 部分负责人，orgScript.getSisByGroupAndRole(null, \"负责人角色\") ;');
INSERT INTO `sys_script` (`id_`, `name_`, `script_`, `category_`, `memo_`) VALUES ('410230899184762881', '同步场景下、设置下一节点执行人', 'bpmScriptUtil.persistenceFutureNodeUserSetting(variableScope,\"NodeId\");\n//配合人员脚本 bpmScriptUtil.getVariablesUserSetting(variableScope,\"nodeId\"); 使用', '流程脚本', '在同步节点时，对下一步执行人设置失败，可以使用该脚本在后置事件中，将人员设置持久化到流程变量中');

-- 数据源
INSERT INTO `sys_data_source_def` (`id_`, `name_`, `class_path_`, `attributes_json_`) VALUES ('1', 'DruidDataSource数据源', 'com.alibaba.druid.pool.DruidDataSource', '[{\"comment\":\"url\",\"name\":\"url\",\"required\":true,\"type\":\"java.lang.String\"},{\"comment\":\"username\",\"name\":\"username\",\"required\":true,\"type\":\"java.lang.String\"},{\"comment\":\"password\",\"name\":\"password\",\"required\":true,\"type\":\"java.lang.String\"},{\"comment\":\"initialSize\",\"defaultValue\":\"1\",\"name\":\"initialSize\",\"required\":true,\"type\":\"int\"},{\"comment\":\"minIdle\",\"defaultValue\":\"10\",\"name\":\"minIdle\",\"required\":true,\"type\":\"int\"},{\"comment\":\"maxActive\",\"defaultValue\":\"10\",\"name\":\"maxActive\",\"required\":true,\"type\":\"int\"},{\"comment\":\"maxWait\",\"defaultValue\":\"6000\",\"name\":\"maxWait\",\"required\":true,\"type\":\"long\"},{\"comment\":\"timeBetweenEvictionRunsMillis\",\"defaultValue\":\"6000\",\"name\":\"timeBetweenEvictionRunsMillis\",\"required\":true,\"type\":\"long\"},{\"comment\":\"minEvictableIdleTimeMillis\",\"defaultValue\":\"30000\",\"name\":\"minEvictableIdleTimeMillis\",\"required\":true,\"type\":\"long\"},{\"comment\":\"连接失败后是否不再尝试\",\"defaultValue\":\"true\",\"name\":\"breakAfterAcquireFailure\",\"required\":true,\"type\":\"boolean\"},{\"comment\":\"校验sql\",\"defaultValue\":\"\",\"name\":\"validationQuery\",\"required\":false,\"type\":\"java.lang.String\"},{\"comment\":\"testWhileIdle\",\"defaultValue\":\"true\",\"name\":\"testWhileIdle\",\"required\":true,\"type\":\"boolean\"},{\"comment\":\"testOnBorrow\",\"defaultValue\":\"false\",\"name\":\"testOnBorrow\",\"required\":true,\"type\":\"boolean\"},{\"comment\":\"testOnReturn\",\"defaultValue\":\"false\",\"name\":\"testOnReturn\",\"required\":true,\"type\":\"boolean\"},{\"comment\":\"poolPreparedStatements\",\"defaultValue\":\"true\",\"name\":\"poolPreparedStatements\",\"required\":true,\"type\":\"boolean\"},{\"comment\":\"maxPoolPreparedStatementPerConnectionSize\",\"defaultValue\":\"20\",\"name\":\"maxPoolPreparedStatementPerConnectionSize\",\"required\":true,\"type\":\"int\"},{\"comment\":\"filters\",\"defaultValue\":\"stat\",\"name\":\"filters\",\"required\":true,\"type\":\"java.lang.String\"},{\"comment\":\"removeAbandoned\",\"defaultValue\":\"true\",\"name\":\"removeAbandoned\",\"required\":true,\"type\":\"boolean\"},{\"comment\":\"removeAbandonedTimeout\",\"defaultValue\":\"2880\",\"name\":\"removeAbandonedTimeout\",\"required\":true,\"type\":\"int\"},{\"comment\":\"logAbandoned\",\"defaultValue\":\"true\",\"name\":\"logAbandoned\",\"required\":true,\"type\":\"boolean\"},{\"comment\":\"enable\",\"name\":\"enable\",\"required\":false,\"type\":\"boolean\"},{\"comment\":\"logDifferentThread\",\"name\":\"logDifferentThread\",\"required\":false,\"type\":\"boolean\"},{\"comment\":\"useGlobalDataSourceStat\",\"name\":\"useGlobalDataSourceStat\",\"required\":false,\"type\":\"boolean\"},{\"comment\":\"reStatEnable\",\"name\":\"reStatEnable\",\"required\":false,\"type\":\"boolean\"},{\"comment\":\"name\",\"name\":\"name\",\"required\":false,\"type\":\"java.lang.String\"},{\"comment\":\"logWriter\",\"name\":\"logWriter\",\"required\":false,\"type\":\"java.io.PrintWriter\"},{\"comment\":\"loginTimeout\",\"name\":\"loginTimeout\",\"required\":false,\"type\":\"int\"},{\"comment\":\"maxIdle\",\"name\":\"maxIdle\",\"required\":false,\"type\":\"int\"},{\"comment\":\"failFast\",\"name\":\"failFast\",\"required\":false,\"type\":\"boolean\"},{\"comment\":\"dbType\",\"name\":\"dbType\",\"required\":false,\"type\":\"java.lang.String\"},{\"comment\":\"queryTimeout\",\"name\":\"queryTimeout\",\"required\":false,\"type\":\"int\"},{\"comment\":\"proxyFilters\",\"name\":\"proxyFilters\",\"required\":false,\"type\":\"java.util.List\"},{\"comment\":\"oracle\",\"name\":\"oracle\",\"required\":false,\"type\":\"boolean\"},{\"comment\":\"useUnfairLock\",\"name\":\"useUnfairLock\",\"required\":false,\"type\":\"boolean\"},{\"comment\":\"timeBetweenLogStatsMillis\",\"name\":\"timeBetweenLogStatsMillis\",\"required\":false,\"type\":\"long\"},{\"comment\":\"clearFiltersEnable\",\"name\":\"clearFiltersEnable\",\"required\":false,\"type\":\"boolean\"},{\"comment\":\"notFullTimeoutRetryCount\",\"name\":\"notFullTimeoutRetryCount\",\"required\":false,\"type\":\"int\"},{\"comment\":\"maxWaitThreadCount\",\"name\":\"maxWaitThreadCount\",\"required\":false,\"type\":\"int\"},{\"comment\":\"phyTimeoutMillis\",\"name\":\"phyTimeoutMillis\",\"required\":false,\"type\":\"long\"},{\"comment\":\"maxEvictableIdleTimeMillis\",\"name\":\"maxEvictableIdleTimeMillis\",\"required\":false,\"type\":\"long\"},{\"comment\":\"driverClassName\",\"name\":\"driverClassName\",\"required\":false,\"type\":\"java.lang.String\"},{\"comment\":\"transactionQueryTimeout\",\"name\":\"transactionQueryTimeout\",\"required\":false,\"type\":\"int\"},{\"comment\":\"exceptionSorterClassName\",\"name\":\"exceptionSorterClassName\",\"required\":false,\"type\":\"java.lang.String\"},{\"comment\":\"defaultAutoCommit\",\"name\":\"defaultAutoCommit\",\"required\":false,\"type\":\"boolean\"},{\"comment\":\"defaultReadOnly\",\"name\":\"defaultReadOnly\",\"required\":false,\"type\":\"java.lang.Boolean\"},{\"comment\":\"defaultTransactionIsolation\",\"name\":\"defaultTransactionIsolation\",\"required\":false,\"type\":\"java.lang.Integer\"},{\"comment\":\"statLoggerClassName\",\"name\":\"statLoggerClassName\",\"required\":false,\"type\":\"java.lang.String\"},{\"comment\":\"connectionProperties\",\"name\":\"connectionProperties\",\"required\":false,\"type\":\"java.lang.String\"},{\"comment\":\"transactionThresholdMillis\",\"name\":\"transactionThresholdMillis\",\"required\":false,\"type\":\"long\"},{\"comment\":\"useOracleImplicitCache\",\"name\":\"useOracleImplicitCache\",\"required\":false,\"type\":\"boolean\"},{\"comment\":\"useLocalSessionState\",\"name\":\"useLocalSessionState\",\"required\":false,\"type\":\"boolean\"},{\"comment\":\"dupCloseLogEnable\",\"name\":\"dupCloseLogEnable\",\"required\":false,\"type\":\"boolean\"},{\"comment\":\"connectionErrorRetryAttempts\",\"name\":\"connectionErrorRetryAttempts\",\"required\":false,\"type\":\"int\"},{\"comment\":\"sharePreparedStatements\",\"name\":\"sharePreparedStatements\",\"required\":false,\"type\":\"boolean\"},{\"comment\":\"timeBetweenConnectErrorMillis\",\"name\":\"timeBetweenConnectErrorMillis\",\"required\":false,\"type\":\"long\"},{\"comment\":\"maxOpenPreparedStatements\",\"name\":\"maxOpenPreparedStatements\",\"required\":false,\"type\":\"int\"},{\"comment\":\"removeAbandonedTimeoutMillis\",\"name\":\"removeAbandonedTimeoutMillis\",\"required\":false,\"type\":\"long\"},{\"comment\":\"validationQueryTimeout\",\"name\":\"validationQueryTimeout\",\"required\":false,\"type\":\"int\"},{\"comment\":\"defaultCatalog\",\"name\":\"defaultCatalog\",\"required\":false,\"type\":\"java.lang.String\"},{\"comment\":\"passwordCallbackClassName\",\"name\":\"passwordCallbackClassName\",\"required\":false,\"type\":\"java.lang.String\"},{\"comment\":\"exceptionSorter\",\"name\":\"exceptionSorter\",\"required\":false,\"type\":\"java.lang.String\"},{\"comment\":\"asyncCloseConnectionEnable\",\"name\":\"asyncCloseConnectionEnable\",\"required\":false,\"type\":\"boolean\"},{\"comment\":\"maxCreateTaskCount\",\"name\":\"maxCreateTaskCount\",\"required\":false,\"type\":\"int\"},{\"comment\":\"validConnectionCheckerClassName\",\"name\":\"validConnectionCheckerClassName\",\"required\":false,\"type\":\"java.lang.String\"},{\"comment\":\"accessToUnderlyingConnectionAllowed\",\"name\":\"accessToUnderlyingConnectionAllowed\",\"required\":false,\"type\":\"boolean\"},{\"comment\":\"numTestsPerEvictionRun\",\"name\":\"numTestsPerEvictionRun\",\"required\":false,\"type\":\"int\"}]');
INSERT INTO `sys_data_source` (`id_`, `key_`, `name_`, `desc_`, `db_type_`, `class_path_`, `attributes_json_`) VALUES ('1', 'dataSourceDefault', '本地数据源', '本地数据源', 'mysql', NULL, NULL);

-- 流水号
INSERT INTO `sys_serialno` (`id_`, `name_`, `alias_`, `regulation_`, `gen_type_`, `no_length_`, `cur_date_`, `init_value_`, `cur_value_`, `step_`) VALUES ('10000001620002', '每天使用一组流水号', 'dayNo', '{yyyy}{MM}{DD}{NO}', '1', '5', '20180710', '1', '1', '1');

-- 子系统
INSERT INTO `sys_subsystem`(`id_`, `name_`, `alias_`, `url_`, `open_type_`, `enabled_`, `create_time_`, `is_default_`, `desc_`, `config_`, `create_by_`, `update_time_`, `update_by_`) VALUES ('1', '业务流程设计开发平台', 'agilebpm', NULL, NULL, 1, NULL, 1, '主系统', '用于系统特殊配置', NULL, NULL, NULL);


-- 面板授权
INSERT INTO `sys_authorization` (`rights_id_`, `rights_object_`, `rights_target_`, `rights_type_`, `rights_identity_`, `rights_identity_name_`, `rights_permission_code_`, `rights_create_time_`, `rights_create_by_`) VALUES ('10000054820143', 'WORKBENCH', '10000053631203', 'all', 'user', '所有人', 'user-all', '2018-04-09 16:10:47', '1');
INSERT INTO `sys_authorization` (`rights_id_`, `rights_object_`, `rights_target_`, `rights_type_`, `rights_identity_`, `rights_identity_name_`, `rights_permission_code_`, `rights_create_time_`, `rights_create_by_`) VALUES ('10000054820144', 'WORKBENCH', '10000053631202', 'all', 'user', '所有人', 'user-all', '2018-04-09 16:10:58', '1');
INSERT INTO `sys_authorization` (`rights_id_`, `rights_object_`, `rights_target_`, `rights_type_`, `rights_identity_`, `rights_identity_name_`, `rights_permission_code_`, `rights_create_time_`, `rights_create_by_`) VALUES ('10000054820146', 'WORKBENCH', '10000051360122', 'all', 'user', '所有人', 'user-all', '2018-04-09 16:11:35', '1');
INSERT INTO `sys_authorization` (`rights_id_`, `rights_object_`, `rights_target_`, `rights_type_`, `rights_identity_`, `rights_identity_name_`, `rights_permission_code_`, `rights_create_time_`, `rights_create_by_`) VALUES ('10000054820147', 'WORKBENCH', '10000049030124', 'all', 'user', '所有人', 'user-all', '2018-04-09 16:11:41', '1');
INSERT INTO `sys_authorization` (`rights_id_`, `rights_object_`, `rights_target_`, `rights_type_`, `rights_identity_`, `rights_identity_name_`, `rights_permission_code_`, `rights_create_time_`, `rights_create_by_`) VALUES ('10000054820148', 'WORKBENCH', '10000047970167', 'all', 'user', '所有人', 'user-all', '2018-04-09 16:11:47', '1');
INSERT INTO `sys_authorization` (`rights_id_`, `rights_object_`, `rights_target_`, `rights_type_`, `rights_identity_`, `rights_identity_name_`, `rights_permission_code_`, `rights_create_time_`, `rights_create_by_`) VALUES ('10000055210122', 'WORKBENCH', '10000053631205', 'all', 'user', '所有人', 'user-all', '2018-04-09 17:30:50', '1');
INSERT INTO `sys_authorization` (`rights_id_`, `rights_object_`, `rights_target_`, `rights_type_`, `rights_identity_`, `rights_identity_name_`, `rights_permission_code_`, `rights_create_time_`, `rights_create_by_`) VALUES ('10000055980295', 'WORKBENCH', '10000053631201', 'all', 'user', '所有人', 'user-all', '2018-04-10 14:40:54', '1');
-- 默认布局
INSERT INTO `sys_workbench_layout` (`id_`, `panel_id_`, `cust_width_`, `cust_height_`, `sn_`, `user_id_`, `create_time_`) VALUES ('20000004690007', '10000053631203', '14', '183', '0', 'default_layout', '2018-04-21 02:46:40');
INSERT INTO `sys_workbench_layout` (`id_`, `panel_id_`, `cust_width_`, `cust_height_`, `sn_`, `user_id_`, `create_time_`) VALUES ('20000004690008', '10000053631202', '21', '182', '1', 'default_layout', '2018-04-21 02:46:40');
INSERT INTO `sys_workbench_layout` (`id_`, `panel_id_`, `cust_width_`, `cust_height_`, `sn_`, `user_id_`, `create_time_`) VALUES ('20000004690009', '10000053631201', '24', '184', '2', 'default_layout', '2018-04-21 02:46:40');
INSERT INTO `sys_workbench_layout` (`id_`, `panel_id_`, `cust_width_`, `cust_height_`, `sn_`, `user_id_`, `create_time_`) VALUES ('20000004690010', '10000049030124', '44', '450', '3', 'default_layout', '2018-04-21 02:46:40');
INSERT INTO `sys_workbench_layout` (`id_`, `panel_id_`, `cust_width_`, `cust_height_`, `sn_`, `user_id_`, `create_time_`) VALUES ('20000004690011', '10000051360122', '50', '446', '4', 'default_layout', '2018-04-21 02:46:40');
INSERT INTO `sys_workbench_layout` (`id_`, `panel_id_`, `cust_width_`, `cust_height_`, `sn_`, `user_id_`, `create_time_`) VALUES ('20000004690012', '10000047970167', '75', '504', '5', 'default_layout', '2018-04-21 02:46:40');

-- 工作台案例
INSERT INTO `sys_workbench_panel` (`id_`, `alias_`, `name_`, `type_`, `desc_`, `data_type_`, `data_source_`, `auto_refresh_`, `width_`, `height_`, `display_content_`, `more_url_`, `create_time_`, `create_by_`, `update_time_`, `update_by_`, `delete_flag_`) VALUES ('10000047970167', 'myCalendar', '我的日程', 'iframe', '我的日程', 'iframe', '/sys/schedule/scheduleDisplay.html', NULL, '75', '504', NULL, '/sys/schedule/scheduleDisplay.html', '2018-03-29 16:37:03', NULL, '2018-03-29 17:33:10', NULL, NULL);
INSERT INTO `sys_workbench_panel` (`id_`, `alias_`, `name_`, `type_`, `desc_`, `data_type_`, `data_source_`, `auto_refresh_`, `width_`, `height_`, `display_content_`, `more_url_`, `create_time_`, `create_by_`, `update_time_`, `update_by_`, `delete_flag_`) VALUES ('10000049030124', 'list', '我的待办', 'basic', '测试', 'interface', 'bpmTaskManager.getTodoList', NULL, '75', '300', '<div class=\"row\">\n	 \n	<div class=\"col-sm-12\">\n		<div class=\"form-inline\">\n			<input type=\"text\" placeholder=\"搜索关键字\" class=\"input-sm form-control\" ng-model=\"param.subject$V\" > \n			<button type=\"button\" ng-click=\"loadPanelData()\" class=\"btn btn-sm btn-primary fa-search\"></button>\n		</div>\n	</div>\n</div>\n <div class=\"table-responsive\">\n	<table class=\"table table-striped\">\n		<thead>\n			<tr>\n				<th>任务名称</th>\n				<th>任务标题</th>\n				<th>创建时间</th>\n			</tr>\n		</thead>\n		<tbody>\n			<tr ng-repeat=\"task in list\">\n				<td>{{task.name}}</td>\n				<td><a ng-click=\"debugger;openFullWindow(\'/bpm/task/taskComplete.html?taskId=\'+this.task.id)\" >{{task.subject}}</a> </td>\n				<td>{{task.createTime}}</td>\n			</tr>\n		</tbody>\n	</table>\n</div>', '/bpm/my/todoTaskList.html', '2018-03-30 18:05:43', NULL, '2019-08-04 16:22:37', '1', NULL);
INSERT INTO `sys_workbench_panel` (`id_`, `alias_`, `name_`, `type_`, `desc_`, `data_type_`, `data_source_`, `auto_refresh_`, `width_`, `height_`, `display_content_`, `more_url_`, `create_time_`, `create_by_`, `update_time_`, `update_by_`, `delete_flag_`) VALUES ('10000051360122', 'productSales', '产品销售情况', 'echarts', '产品年度销售情况', 'interface', 'workbenchPanelManager.getTestData', NULL, '50', '300', '{\n	\"title\": {\n		\"text\": \"产品销售情况\"\n	},\n	\"legend\": {},\n	\"tooltip\": {},\n	\"toolbox\": {\n		\"show\": true,\n		\"feature\": {\n			\"magicType\": {\n				\"show\": true,\n				\"type\": [\"line\", \"bar\", \"stack\", \"tiled\"]\n			},\n			\"restore\": {\n				\"show\": true\n			},\n			\"saveAsImage\": {\n				\"show\": true\n			}\n		}\n	},\n	\"dataset\": {\n		\"source\": []\n	},\n	\"xAxis\": {\n		\"type\": \"category\"\n	},\n	\"yAxis\": {},\n	\"series\": []\n}', NULL, '2018-04-04 10:38:05', NULL, '2018-04-04 10:38:05', NULL, NULL);
INSERT INTO `sys_workbench_panel` (`id_`, `alias_`, `name_`, `type_`, `desc_`, `data_type_`, `data_source_`, `auto_refresh_`, `width_`, `height_`, `display_content_`, `more_url_`, `create_time_`, `create_by_`, `update_time_`, `update_by_`, `delete_flag_`) VALUES ('10000052180122', 'getPieData', '销售份额', 'echarts', NULL, 'interface', 'workbenchPanelManager.getPieData', NULL, '75', '500', '{\n	\"title\": {\n		\"text\": \"产品销售情况\"\n	},\n	\"legend\": {},\n	\"tooltip\": {},\n	\"dataset\": {\n		\"source\": []\n	},\n	\"series\": [{\n		\"type\": \"pie\"\n	}]\n}', NULL, '2018-04-04 11:45:02', NULL, '2018-04-04 14:09:13', NULL, NULL);
INSERT INTO `sys_workbench_panel` (`id_`, `alias_`, `name_`, `type_`, `desc_`, `data_type_`, `data_source_`, `auto_refresh_`, `width_`, `height_`, `display_content_`, `more_url_`, `create_time_`, `create_by_`, `update_time_`, `update_by_`, `delete_flag_`) VALUES ('10000053631201', 'userInfo', '用户信息', 'basic', '用户信息展示', 'interface', 'loginContext.getCurrentUser', '60', '25', '150', '<h4 class=\"no-margins\">{{userInfo.fullname}}</h4>\n<div class=\" pull-right  text-info\">{{userInfo.account}} <i class=\"fa-user-circle-o\"></i>\n</div>\n <small>{{userInfo.email}}</small>', '/org/user/userInfoEdit', '2018-03-08 09:50:19', NULL, '2018-03-29 16:08:54', NULL, NULL);
INSERT INTO `sys_workbench_panel` (`id_`, `alias_`, `name_`, `type_`, `desc_`, `data_type_`, `data_source_`, `auto_refresh_`, `width_`, `height_`, `display_content_`, `more_url_`, `create_time_`, `create_by_`, `update_time_`, `update_by_`, `delete_flag_`) VALUES ('10000053631202', 'roleInfo', '角色信息', 'basic', '用户信息展示', 'interface', 'loginContext.getCurrentUser', '60', '25', '150', '<p class=\"text-info\">{{roleInfo.email}}</p>\n<p class=\"text-info\">{{roleInfo.weixin}}</p>\n<p class=\"text-info\">{{roleInfo.mobile}}</p>', '1', '2018-03-12 11:26:16', NULL, '2018-03-29 16:20:53', NULL, NULL);
INSERT INTO `sys_workbench_panel` (`id_`, `alias_`, `name_`, `type_`, `desc_`, `data_type_`, `data_source_`, `auto_refresh_`, `width_`, `height_`, `display_content_`, `more_url_`, `create_time_`, `create_by_`, `update_time_`, `update_by_`, `delete_flag_`) VALUES ('10000053631203', 'org', '当前组织', 'basic', '用户信息展示', 'interface', 'loginContext.getCurrentGroup', NULL, '25', '150', '<h4 class=\"no-margins\">{{org.name}}</h4>\n<h2 style=\"color:red\">系统每天凌晨重置数据库</h2>\n\n<div class=\" pull-right  text-info\">{{org.code}} <i class=\"fa fa-address-card\"></i>\n</div>', NULL, '2018-03-12 11:26:21', NULL, '2018-03-29 16:13:54', NULL, NULL);
INSERT INTO `sys_workbench_panel` (`id_`, `alias_`, `name_`, `type_`, `desc_`, `data_type_`, `data_source_`, `auto_refresh_`, `width_`, `height_`, `display_content_`, `more_url_`, `create_time_`, `create_by_`, `update_time_`, `update_by_`, `delete_flag_`) VALUES ('20000000570002', 'cacheDesign', '提前缓存设计器', 'iframe', NULL, 'iframe', '/flow-editor/modeler.html?modelId=20000000530051', NULL, '25', '20', NULL, NULL, '2018-08-17 15:06:33', NULL, '2018-08-17 15:06:33', NULL, NULL);

-- 面板模板
INSERT INTO `sys_workbench_panel_templ` (`id_`, `key_`, `name_`, `desc_`, `html_`) VALUES ('1', 'basic', '基础模板', '适用基本信息展示，或者列表数据', '<ul class=\"list-group\">\r\n  <li class=\"list-group-item\">{{data-alias.account}}</li>\r\n  <li class=\"list-group-item\">{{data-alias.fullname}}</li>\r\n  <li class=\"list-group-item\">{{data-alias.mobile}}</li>\r\n  <li class=\"list-group-item\">{{data-alias.orgName}}</li>\r\n  <li class=\"list-group-item\">{{data-alias.roleNames}}</li>\r\n</ul>');
INSERT INTO `sys_workbench_panel_templ` (`id_`, `key_`, `name_`, `desc_`, `html_`) VALUES ('3', 'echarts', '柱状图折线图模板', '', '{\r\n	\"title\": {\r\n		\"text\": \"产品销售情况\"\r\n	},\r\n	\"legend\": {},\r\n	\"tooltip\": {},\r\n	\"toolbox\": {\r\n		\"show\": true,\r\n		\"feature\": {\r\n			\"magicType\": {\r\n				\"show\": true,\r\n				\"type\": [\"line\", \"bar\", \"stack\", \"tiled\"]\r\n			},\r\n			\"restore\": {\r\n				\"show\": true\r\n			},\r\n			\"saveAsImage\": {\r\n				\"show\": true\r\n			}\r\n		}\r\n	},\r\n	\"dataset\": {\r\n		\"source\": []\r\n	},\r\n	\"xAxis\": {\r\n		\"type\": \"category\"\r\n	},\r\n	\"yAxis\": {},\r\n	\"series\": []\r\n}');
INSERT INTO `sys_workbench_panel_templ` (`id_`, `key_`, `name_`, `desc_`, `html_`) VALUES ('4', 'basic', '列表模板', '列表数据的模板案例，支持检索', '<div class=\"row\">\r\n	<div class=\"col-sm-7 m-b-xs\">\r\n		<div data-toggle=\"buttons\" class=\"btn-group\">\r\n			<label class=\"btn btn-sm btn-default active\"> <input type=\"radio\" name=\"param.Q_user_SL\" value=\"1\">待办</label>\r\n			<label class=\"btn btn-sm btn-default\"> <input type=\"radio\" name=\"param.Q_user_SL\" value=\"2\">已办</label>\r\n		</div>\r\n	</div>\r\n	<div class=\"col-sm-5\">\r\n		<div class=\"input-group\">\r\n			<input type=\"text\" placeholder=\"搜索订单关键字\" class=\"input-sm form-control\" ng-model=\"param.subject_\" > \r\n			<span class=\"input-group-btn\"> <button type=\"button\" ng-click=\"loadPanelData()\" class=\"btn btn-sm btn-primary\">搜索</button> </span>\r\n		</div>\r\n	</div>\r\n</div>\r\n <div class=\"table-responsive\">\r\n	<table class=\"table table-striped\">\r\n		<thead>\r\n			<tr>\r\n				<th>订单编号</th>\r\n				<th>待办事项</th>\r\n				<th>业务品种</th>\r\n				<th>客户姓名</th>\r\n				<th>创建时间</th>\r\n			</tr>\r\n		</thead>\r\n		<tbody>\r\n			<tr ng-repeat=\"task in list\">\r\n				<td>{{task.apply_no}}</td>\r\n				<td><a ng-click=\"openFullWindow(\'/flow/task/taskApprove?id=\'+this.task.ID_)\" >{{task.NAME_}}</a> </td>\r\n				<td>{{task.PROC_DEF_NAME_}}</td>\r\n				<td>{{task.seller_name}}</td>\r\n				<td>{{task.create_time}} </td>\r\n			</tr>\r\n		</tbody>\r\n	</table>\r\n</div>');
INSERT INTO `sys_workbench_panel_templ` (`id_`, `key_`, `name_`, `desc_`, `html_`) VALUES ('5', 'echarts', '饼图模板', '饼状图案例模板', '{\r\n	\"title\": {\r\n		\"text\": \"产品销售情况\"\r\n	},\r\n	\"legend\": {},\r\n	\"tooltip\": {},\r\n	\"dataset\": {\r\n		\"source\": []\r\n	},\r\n	\"series\": [{\r\n		\"type\": \"pie\"\r\n	}]\r\n}');


-- 系统菜单
INSERT INTO `sys_resource`(`ID_`, `system_id_`, `alias_`, `name_`, `url_`, `enable_`, `opened_`, `icon_`, `type_`, `sn_`, `parent_id_`, `create_time_`) VALUES ('1', '1', 'personOffice', '个人办公', '', 1, 1, 'slideshare', 'menu', 1, '0', NULL);
INSERT INTO `sys_resource`(`ID_`, `system_id_`, `alias_`, `name_`, `url_`, `enable_`, `opened_`, `icon_`, `type_`, `sn_`, `parent_id_`, `create_time_`) VALUES ('1000000071000', '1', 'taskList', '任务列表', 'bpm/task/taskList.html', 1, 1, '', 'menu', 1, '10000000710005', '2016-11-16 20:04:26');
INSERT INTO `sys_resource`(`ID_`, `system_id_`, `alias_`, `name_`, `url_`, `enable_`, `opened_`, `icon_`, `type_`, `sn_`, `parent_id_`, `create_time_`) VALUES ('10000000710005', '1', 'newFlow', '流程管理', NULL, 1, 1, '', 'menu', 1, '0', '2016-11-16 19:57:50');
INSERT INTO `sys_resource`(`ID_`, `system_id_`, `alias_`, `name_`, `url_`, `enable_`, `opened_`, `icon_`, `type_`, `sn_`, `parent_id_`, `create_time_`) VALUES ('10000000710006', '1', 'list', '流程列表', 'bpm/definition/definitionList.html', 1, 1, '', 'menu', 1, '10000000710005', '2016-11-16 20:04:26');
INSERT INTO `sys_resource`(`ID_`, `system_id_`, `alias_`, `name_`, `url_`, `enable_`, `opened_`, `icon_`, `type_`, `sn_`, `parent_id_`, `create_time_`) VALUES ('10000001480006', '1', 'sysres', '资源管理', 'sys/sysResource/sysResourceList.html', 1, 1, '', 'menu', 1, '44', '2017-03-16 23:52:15');
INSERT INTO `sys_resource`(`ID_`, `system_id_`, `alias_`, `name_`, `url_`, `enable_`, `opened_`, `icon_`, `type_`, `sn_`, `parent_id_`, `create_time_`) VALUES ('10000001640004', '1', 'formCustDialogList', '自定义对话框', 'form/formCustDialog/formCustDialogList.html', 1, 1, '', 'menu', 2, '56', '2017-04-05 23:38:15');
INSERT INTO `sys_resource`(`ID_`, `system_id_`, `alias_`, `name_`, `url_`, `enable_`, `opened_`, `icon_`, `type_`, `sn_`, `parent_id_`, `create_time_`) VALUES ('10000001640007', '1', 'combinDialog', '组合对话框', '/form/combinateDialog/combinateDialogList', 0, 1, '', 'menu', 2, '56', '2017-04-05 23:39:58');
INSERT INTO `sys_resource`(`ID_`, `system_id_`, `alias_`, `name_`, `url_`, `enable_`, `opened_`, `icon_`, `type_`, `sn_`, `parent_id_`, `create_time_`) VALUES ('10000034500201', '1', 'gjjjr', '国家节假日', 'sys/holidayConf/holidayConfList.html', 1, 1, '', 'menu', 1, '44', '2018-01-18 19:26:18');
INSERT INTO `sys_resource`(`ID_`, `system_id_`, `alias_`, `name_`, `url_`, `enable_`, `opened_`, `icon_`, `type_`, `sn_`, `parent_id_`, `create_time_`) VALUES ('10000045331201', '1', 'rcb', '我的日程', 'sys/schedule/scheduleDisplay.html', 1, 1, '', 'menu', 6, '1', '2018-01-31 15:10:48');
INSERT INTO `sys_resource`(`ID_`, `system_id_`, `alias_`, `name_`, `url_`, `enable_`, `opened_`, `icon_`, `type_`, `sn_`, `parent_id_`, `create_time_`) VALUES ('10000047101201', '1', 'rcgl', '日程管理', 'sys/schedule/scheduleList.html', 1, 1, '', 'menu', 6, '1', '2018-02-02 10:56:44');
INSERT INTO `sys_resource`(`ID_`, `system_id_`, `alias_`, `name_`, `url_`, `enable_`, `opened_`, `icon_`, `type_`, `sn_`, `parent_id_`, `create_time_`) VALUES ('10000052971201', '1', 'gztgl', '工作台管理', 'sys/workbenchPanel/workbenchPanelList.html', 1, 1, '', 'menu', 2, '44', '2018-02-28 14:52:46');
INSERT INTO `sys_resource`(`ID_`, `system_id_`, `alias_`, `name_`, `url_`, `enable_`, `opened_`, `icon_`, `type_`, `sn_`, `parent_id_`, `create_time_`) VALUES ('11', '1', 'myDraft', '我的草稿', 'bpm/my/draftList.html', 1, 1, '', 'menu', 1, '7', NULL);
INSERT INTO `sys_resource`(`ID_`, `system_id_`, `alias_`, `name_`, `url_`, `enable_`, `opened_`, `icon_`, `type_`, `sn_`, `parent_id_`, `create_time_`) VALUES ('18', '1', 'orgManager', '用户组织', '', 1, 1, 'users', 'menu', 1, '0', NULL);
INSERT INTO `sys_resource`(`ID_`, `system_id_`, `alias_`, `name_`, `url_`, `enable_`, `opened_`, `icon_`, `type_`, `sn_`, `parent_id_`, `create_time_`) VALUES ('19', '1', 'userManager', '用户管理', 'org/user/userList.html', 1, 1, '', 'menu', 1, '18', NULL);
INSERT INTO `sys_resource`(`ID_`, `system_id_`, `alias_`, `name_`, `url_`, `enable_`, `opened_`, `icon_`, `type_`, `sn_`, `parent_id_`, `create_time_`) VALUES ('2', '1', 'flowEvent', '事项办理', '', 1, 1, '', 'menu', 1, '1', NULL);
INSERT INTO `sys_resource`(`ID_`, `system_id_`, `alias_`, `name_`, `url_`, `enable_`, `opened_`, `icon_`, `type_`, `sn_`, `parent_id_`, `create_time_`) VALUES ('20', '1', 'orgMgr', '组织管理', 'org/group/groupList.html', 1, 1, '', 'menu', 1, '18', NULL);
INSERT INTO `sys_resource`(`ID_`, `system_id_`, `alias_`, `name_`, `url_`, `enable_`, `opened_`, `icon_`, `type_`, `sn_`, `parent_id_`, `create_time_`) VALUES ('20000001570004', '1', 'sysDataSourceDefList', '系统数据源模板', 'sys/sysDataSourceDef/sysDataSourceDefList.html', 1, 1, '', 'menu', 1, '44', '2018-02-27 15:50:44');
INSERT INTO `sys_resource`(`ID_`, `system_id_`, `alias_`, `name_`, `url_`, `enable_`, `opened_`, `icon_`, `type_`, `sn_`, `parent_id_`, `create_time_`) VALUES ('20000002880001', '1', 'sysTreeList', '系统树', 'sys/sysTree/sysTreeList.html', 1, 1, '', 'menu', 3, '56', '2018-03-19 14:51:32');
INSERT INTO `sys_resource`(`ID_`, `system_id_`, `alias_`, `name_`, `url_`, `enable_`, `opened_`, `icon_`, `type_`, `sn_`, `parent_id_`, `create_time_`) VALUES ('20000002980001', '1', 'copeTask', '我的抄送', NULL, 0, 1, '', 'menu', 1, '2', '2018-03-25 19:07:18');
INSERT INTO `sys_resource`(`ID_`, `system_id_`, `alias_`, `name_`, `url_`, `enable_`, `opened_`, `icon_`, `type_`, `sn_`, `parent_id_`, `create_time_`) VALUES ('20000003070153', '1', 'processInstanceList', '流程实例', 'bpm/instance/instanceList.html', 1, 1, '', 'menu', 1, '10000000710005', '2018-03-18 17:01:06');
INSERT INTO `sys_resource`(`ID_`, `system_id_`, `alias_`, `name_`, `url_`, `enable_`, `opened_`, `icon_`, `type_`, `sn_`, `parent_id_`, `create_time_`) VALUES ('20000010520001', '1', 'myTodo', '待办事项', 'bpm/my/todoTaskList.html', 1, 1, '', 'menu', 1, '2', NULL);
INSERT INTO `sys_resource`(`ID_`, `system_id_`, `alias_`, `name_`, `url_`, `enable_`, `opened_`, `icon_`, `type_`, `sn_`, `parent_id_`, `create_time_`) VALUES ('21', '1', 'roleMgr', '角色管理', 'org/role/roleList.html', 1, 1, '', 'menu', 1, '18', NULL);
INSERT INTO `sys_resource`(`ID_`, `system_id_`, `alias_`, `name_`, `url_`, `enable_`, `opened_`, `icon_`, `type_`, `sn_`, `parent_id_`, `create_time_`) VALUES ('23', '1', 'flowManager', '表单管理', '', 1, 1, '', 'menu', 1, '0', NULL);
INSERT INTO `sys_resource`(`ID_`, `system_id_`, `alias_`, `name_`, `url_`, `enable_`, `opened_`, `icon_`, `type_`, `sn_`, `parent_id_`, `create_time_`) VALUES ('25', '1', 'boManager', '业务对象', '', 1, 1, 'fa-database', 'menu', 1, '23', NULL);
INSERT INTO `sys_resource`(`ID_`, `system_id_`, `alias_`, `name_`, `url_`, `enable_`, `opened_`, `icon_`, `type_`, `sn_`, `parent_id_`, `create_time_`) VALUES ('26', '1', 'businessTableList', '业务实体', 'bus/businessTable/businessTableList.html', 1, 1, '', 'menu', 1, '25', NULL);
INSERT INTO `sys_resource`(`ID_`, `system_id_`, `alias_`, `name_`, `url_`, `enable_`, `opened_`, `icon_`, `type_`, `sn_`, `parent_id_`, `create_time_`) VALUES ('27', '1', 'businessObjectList', '业务对象', 'bus/buinessObject/businessObjectList.html', 1, 1, '', 'menu', 1, '25', NULL);
INSERT INTO `sys_resource`(`ID_`, `system_id_`, `alias_`, `name_`, `url_`, `enable_`, `opened_`, `icon_`, `type_`, `sn_`, `parent_id_`, `create_time_`) VALUES ('28', '1', 'formDefManager', '表单定义', '', 1, 1, 'fa-th-list', 'menu', 1, '23', NULL);
INSERT INTO `sys_resource`(`ID_`, `system_id_`, `alias_`, `name_`, `url_`, `enable_`, `opened_`, `icon_`, `type_`, `sn_`, `parent_id_`, `create_time_`) VALUES ('30', '1', 'boForm', '业务表单', 'form/formDef/formDefList.html?formType=pc', 0, 1, '', 'menu', 1, '28', NULL);
INSERT INTO `sys_resource`(`ID_`, `system_id_`, `alias_`, `name_`, `url_`, `enable_`, `opened_`, `icon_`, `type_`, `sn_`, `parent_id_`, `create_time_`) VALUES ('31', '1', 'mobileForm', '手机表单', 'form/formDef/formDefList.html?formType=mobile', 1, 1, '', 'menu', 1, '28', NULL);
INSERT INTO `sys_resource`(`ID_`, `system_id_`, `alias_`, `name_`, `url_`, `enable_`, `opened_`, `icon_`, `type_`, `sn_`, `parent_id_`, `create_time_`) VALUES ('32', '1', 'formTemplate', '表单模版', 'form/formTemplate/formTemplateList.html', 1, 1, '', 'menu', 1, '28', NULL);
INSERT INTO `sys_resource`(`ID_`, `system_id_`, `alias_`, `name_`, `url_`, `enable_`, `opened_`, `icon_`, `type_`, `sn_`, `parent_id_`, `create_time_`) VALUES ('33', '1', 'vueForm', 'vue表单', 'form/formDef/formDefList.html?formType=pc_vue', 1, 1, '', 'menu', 0, '28', NULL);
INSERT INTO `sys_resource`(`ID_`, `system_id_`, `alias_`, `name_`, `url_`, `enable_`, `opened_`, `icon_`, `type_`, `sn_`, `parent_id_`, `create_time_`) VALUES ('4', '1', 'myHandledEvent', '办理历史', 'bpm/my/approveList.html', 1, 1, '', 'menu', 1, '2', NULL);
INSERT INTO `sys_resource`(`ID_`, `system_id_`, `alias_`, `name_`, `url_`, `enable_`, `opened_`, `icon_`, `type_`, `sn_`, `parent_id_`, `create_time_`) VALUES ('403205519290925057', '1', 'errLog', '异常日志', 'sys/sysLogErr/sysLogErrList.html', 1, 1, '', 'menu', 5, '56', NULL);
INSERT INTO `sys_resource`(`ID_`, `system_id_`, `alias_`, `name_`, `url_`, `enable_`, `opened_`, `icon_`, `type_`, `sn_`, `parent_id_`, `create_time_`) VALUES ('404802617380700161', '3', '11111', '111', NULL, 1, 1, '', 'menu', 1, '0', NULL);
INSERT INTO `sys_resource`(`ID_`, `system_id_`, `alias_`, `name_`, `url_`, `enable_`, `opened_`, `icon_`, `type_`, `sn_`, `parent_id_`, `create_time_`) VALUES ('404818977800323073', '1', 'icon', '字体图标', 'sys/icon/iconSelector.html', 1, 1, '', 'menu', 9, '56', NULL);
INSERT INTO `sys_resource`(`ID_`, `system_id_`, `alias_`, `name_`, `url_`, `enable_`, `opened_`, `icon_`, `type_`, `sn_`, `parent_id_`, `create_time_`) VALUES ('405244952846008321', '1', 'userManager:add', '添加', '/org/user/save', 1, 1, '', 'button', 1, '19', NULL);
INSERT INTO `sys_resource`(`ID_`, `system_id_`, `alias_`, `name_`, `url_`, `enable_`, `opened_`, `icon_`, `type_`, `sn_`, `parent_id_`, `create_time_`) VALUES ('405244965276614657', '1', 'userManager:edit', '编辑', '/org/user/save', 1, 1, '', 'button', 1, '19', NULL);
INSERT INTO `sys_resource`(`ID_`, `system_id_`, `alias_`, `name_`, `url_`, `enable_`, `opened_`, `icon_`, `type_`, `sn_`, `parent_id_`, `create_time_`) VALUES ('405245052357181441', '1', 'userManager:del', '删除', '/org/user/remove', 1, 1, '', 'button', 1, '19', '2018-12-27 13:06:33');
INSERT INTO `sys_resource`(`ID_`, `system_id_`, `alias_`, `name_`, `url_`, `enable_`, `opened_`, `icon_`, `type_`, `sn_`, `parent_id_`, `create_time_`) VALUES ('405313955925590017', '1', 'userManager:search', '搜索', '/org/user/listJson', 1, 1, '', 'button', 1, '19', '2018-12-30 14:07:19');
INSERT INTO `sys_resource`(`ID_`, `system_id_`, `alias_`, `name_`, `url_`, `enable_`, `opened_`, `icon_`, `type_`, `sn_`, `parent_id_`, `create_time_`) VALUES ('406714104337661953', '1', 'userAgencyLogList', '代理记录', 'bpmplugin/userAgencyConfig/userAgencyLogList.html', 1, 1, '', 'menu', 6, '7', NULL);
INSERT INTO `sys_resource`(`ID_`, `system_id_`, `alias_`, `name_`, `url_`, `enable_`, `opened_`, `icon_`, `type_`, `sn_`, `parent_id_`, `create_time_`) VALUES ('406714125032357889', '1', 'userAgencyConfig', '流程代理', 'bpmplugin/userAgencyConfig/tabs.html', 1, 1, '', 'menu', 5, '7', NULL);
INSERT INTO `sys_resource`(`ID_`, `system_id_`, `alias_`, `name_`, `url_`, `enable_`, `opened_`, `icon_`, `type_`, `sn_`, `parent_id_`, `create_time_`) VALUES ('406719341437911041', '1', 'instanceList', '流程实例-部门', 'bpm/instance/instanceList_org.html', 1, 1, '', 'menu', 6, '10000000710005', NULL);
INSERT INTO `sys_resource`(`ID_`, `system_id_`, `alias_`, `name_`, `url_`, `enable_`, `opened_`, `icon_`, `type_`, `sn_`, `parent_id_`, `create_time_`) VALUES ('406902948342530049', '2', 'userOrg', '用户组织', '', 1, 1, '', 'menu', 1, '0', NULL);
INSERT INTO `sys_resource`(`ID_`, `system_id_`, `alias_`, `name_`, `url_`, `enable_`, `opened_`, `icon_`, `type_`, `sn_`, `parent_id_`, `create_time_`) VALUES ('406902978254209025', '2', 'userManager', '用户管理', 'org/userList', 1, 1, '', 'menu', 1, '406902948342530049', NULL);
INSERT INTO `sys_resource`(`ID_`, `system_id_`, `alias_`, `name_`, `url_`, `enable_`, `opened_`, `icon_`, `type_`, `sn_`, `parent_id_`, `create_time_`) VALUES ('406902988961480705', '2', 'orgManager', '组织管理', 'org/groupList', 1, 1, '', 'menu', 1, '406902948342530049', NULL);
INSERT INTO `sys_resource`(`ID_`, `system_id_`, `alias_`, `name_`, `url_`, `enable_`, `opened_`, `icon_`, `type_`, `sn_`, `parent_id_`, `create_time_`) VALUES ('406903009770733569', '2', 'roleManager', '角色管理', '/org/roleList', 1, 1, '', 'menu', 1, '406902948342530049', NULL);
INSERT INTO `sys_resource`(`ID_`, `system_id_`, `alias_`, `name_`, `url_`, `enable_`, `opened_`, `icon_`, `type_`, `sn_`, `parent_id_`, `create_time_`) VALUES ('406903052897091585', '2', 'userOffice', '个人办公', NULL, 1, 1, '', 'menu', 1, '0', NULL);
INSERT INTO `sys_resource`(`ID_`, `system_id_`, `alias_`, `name_`, `url_`, `enable_`, `opened_`, `icon_`, `type_`, `sn_`, `parent_id_`, `create_time_`) VALUES ('406903063443144705', '2', 'mattersHandling', '事项办理', NULL, 1, 1, '', 'menu', 1, '406903052897091585', NULL);
INSERT INTO `sys_resource`(`ID_`, `system_id_`, `alias_`, `name_`, `url_`, `enable_`, `opened_`, `icon_`, `type_`, `sn_`, `parent_id_`, `create_time_`) VALUES ('406903071843287041', '2', 'todoTaskList', '待办事项', '/bpm/my/todoTaskList', 1, 1, '', 'menu', 1, '406903063443144705', NULL);
INSERT INTO `sys_resource`(`ID_`, `system_id_`, `alias_`, `name_`, `url_`, `enable_`, `opened_`, `icon_`, `type_`, `sn_`, `parent_id_`, `create_time_`) VALUES ('406903080497709057', '2', 'approveHistoryList', '办理历史', '/bpm/my/approveList', 1, 1, '', 'menu', 1, '406903063443144705', NULL);
INSERT INTO `sys_resource`(`ID_`, `system_id_`, `alias_`, `name_`, `url_`, `enable_`, `opened_`, `icon_`, `type_`, `sn_`, `parent_id_`, `create_time_`) VALUES ('407371267579052033', '2', 'mattersApply', '事项申请', NULL, 1, 1, '', 'menu', 2, '406903052897091585', NULL);
INSERT INTO `sys_resource`(`ID_`, `system_id_`, `alias_`, `name_`, `url_`, `enable_`, `opened_`, `icon_`, `type_`, `sn_`, `parent_id_`, `create_time_`) VALUES ('407371280996368385', '2', 'myDraft', '我的草稿', '/bpm/my/draftList', 1, 1, '', 'menu', 2, '407371267579052033', NULL);
INSERT INTO `sys_resource`(`ID_`, `system_id_`, `alias_`, `name_`, `url_`, `enable_`, `opened_`, `icon_`, `type_`, `sn_`, `parent_id_`, `create_time_`) VALUES ('407371284953432065', '2', 'startFlow', '发起申请', 'bpm/my/definitionList', 1, 1, '', 'menu', 1, '407371267579052033', NULL);
INSERT INTO `sys_resource`(`ID_`, `system_id_`, `alias_`, `name_`, `url_`, `enable_`, `opened_`, `icon_`, `type_`, `sn_`, `parent_id_`, `create_time_`) VALUES ('407371291024424961', '2', 'applyHistory', '申请历史', '/bpm/my/applyTaskList', 1, 1, '', 'menu', 3, '407371267579052033', NULL);
INSERT INTO `sys_resource`(`ID_`, `system_id_`, `alias_`, `name_`, `url_`, `enable_`, `opened_`, `icon_`, `type_`, `sn_`, `parent_id_`, `create_time_`) VALUES ('43', '1', 'sysSetting', '系统配置', '', 1, 1, 'cogs', 'menu', 1, '0', NULL);
INSERT INTO `sys_resource`(`ID_`, `system_id_`, `alias_`, `name_`, `url_`, `enable_`, `opened_`, `icon_`, `type_`, `sn_`, `parent_id_`, `create_time_`) VALUES ('44', '1', 'systemMgr', '系统设置', '', 1, 1, '', 'menu', 1, '43', NULL);
INSERT INTO `sys_resource`(`ID_`, `system_id_`, `alias_`, `name_`, `url_`, `enable_`, `opened_`, `icon_`, `type_`, `sn_`, `parent_id_`, `create_time_`) VALUES ('46', '1', 'dicManager', '数据字典', 'sys/dataDict/dataDictList.html', 1, 1, '', 'menu', 1, '44', NULL);
INSERT INTO `sys_resource`(`ID_`, `system_id_`, `alias_`, `name_`, `url_`, `enable_`, `opened_`, `icon_`, `type_`, `sn_`, `parent_id_`, `create_time_`) VALUES ('49', '1', 'syspropertyMgr', '系统属性管理', 'sys/sysProperties/sysPropertiesList.html', 1, 1, '', 'menu', 1, '44', NULL);
INSERT INTO `sys_resource`(`ID_`, `system_id_`, `alias_`, `name_`, `url_`, `enable_`, `opened_`, `icon_`, `type_`, `sn_`, `parent_id_`, `create_time_`) VALUES ('50', '1', 'sysDataSourceList', '系统数据源', 'sys/sysDataSource/sysDataSourceList.html', 1, 1, '', 'menu', 1, '44', NULL);
INSERT INTO `sys_resource`(`ID_`, `system_id_`, `alias_`, `name_`, `url_`, `enable_`, `opened_`, `icon_`, `type_`, `sn_`, `parent_id_`, `create_time_`) VALUES ('54', '1', 'subSystemMgr', '子系统管理', '/base/base/subsystem/subsystemList', 0, 1, '', 'menu', 1, '44', NULL);
INSERT INTO `sys_resource`(`ID_`, `system_id_`, `alias_`, `name_`, `url_`, `enable_`, `opened_`, `icon_`, `type_`, `sn_`, `parent_id_`, `create_time_`) VALUES ('56', '1', 'flowAssist', '开发辅助', '', 1, 1, '', 'menu', 1, '43', NULL);
INSERT INTO `sys_resource`(`ID_`, `system_id_`, `alias_`, `name_`, `url_`, `enable_`, `opened_`, `icon_`, `type_`, `sn_`, `parent_id_`, `create_time_`) VALUES ('60', '1', 'serialNoMgr', '流水号', 'sys/serialNo/serialNoList.html', 1, 1, '', 'menu', 1, '56', NULL);
INSERT INTO `sys_resource`(`ID_`, `system_id_`, `alias_`, `name_`, `url_`, `enable_`, `opened_`, `icon_`, `type_`, `sn_`, `parent_id_`, `create_time_`) VALUES ('61', '1', 'scriptMgr', '常用脚本', 'sys/script/scriptList.html', 1, 1, '', 'menu', 1, '56', NULL);
INSERT INTO `sys_resource`(`ID_`, `system_id_`, `alias_`, `name_`, `url_`, `enable_`, `opened_`, `icon_`, `type_`, `sn_`, `parent_id_`, `create_time_`) VALUES ('7', '1', 'myStartEvent', '事项申请', '', 1, 1, '', 'menu', 1, '1', NULL);
INSERT INTO `sys_resource`(`ID_`, `system_id_`, `alias_`, `name_`, `url_`, `enable_`, `opened_`, `icon_`, `type_`, `sn_`, `parent_id_`, `create_time_`) VALUES ('8', '1', 'myStartFlow', '发起申请', 'bpm/my/definitionList.html', 1, 1, '', 'menu', 1, '7', NULL);
INSERT INTO `sys_resource`(`ID_`, `system_id_`, `alias_`, `name_`, `url_`, `enable_`, `opened_`, `icon_`, `type_`, `sn_`, `parent_id_`, `create_time_`) VALUES ('9', '1', 'myRequest', '申请历史', 'bpm/my/applyTaskList.html', 1, 1, '', 'menu', 1, '7', NULL);
